{
  "Arnold Press (Dumbbell)": "Shoulders",
  "Back Extension": "Back",
  "Bench Press (Barbell)": "Chest",
  "Bench Press (Dumbbell)": "Chest",
  "Bench Press - Close Grip (Barbell)": "Chest",
  "Bench Press - Incline Smith (Close Grip)": "Chest",
  "Bent Over Row (Barbell)": "Back",
  "Bent Over Row (Dumbbell)": "Back",
  "Bent Over Row - Underhand (Barbell)": "Back",
  "Bicep Curl (Barbell)": "Arms",
  "Bicep Curl (Cable)": "Arms",
  "Bicep Curl (Dumbbell)": "Arms",
  "Bulgarian Split Squat": "Legs",
  "Cable Crossover": "Chest",
  "Cable Curl (Single Arm)": "Arms",
  "Cable Pull Through": "Legs",
  "Calf Press on Leg Press": "Legs",
  "Chest Dip (Assisted)": "Chest",
  "Chest Press (Machine)": "Chest",
  "Concentration Curl (Dumbbell)": "Arms",
  "Crunch": "Core",
  "Deadlift (Barbell)": "Legs",
  "Exigo Leg Extension": "Legs",
  "Exigo Seated Bicep Curl": "Arms",
  "Flat Bench Curl": "Arms",
  "Good Morning (Barbell)": "Back",
  "Hack Squat": "Legs",
  "Incline Bench Press (Barbell)": "Chest",
  "Incline Bench Press (Dumbbell)": "Chest",
  "Incline Chest Press (Machine)": "Chest",
  "Incline Curl (Dumbbell)": "Arms",
  "Incline Row (Dumbbell)": "Back",
  "Iso-Lateral Row (Machine)": "Back",
  "Lat Prayer (Cable - Rope)": "Back",
  "Lat Pull-down (Neutral)": "Back",
  "Lat Pulldown (Cable)": "Back",
  "Lat Pulldown (Machine)": "Back",
  "Lat Pulldown (Single Arm)": "Back",
  "Lateral Raise (Cable)": "Shoulders",
  "Lateral Raise (Dumbbell)": "Shoulders",
  "Lateral Raise (Machine)": "Shoulders",
  "Leg Extension (Machine)": "Legs",
  "Leg Press": "Legs",
  "Leg Press (Platform Moving)": "Legs",
  "Lunge (Bodyweight)": "Legs",
  "Lunge (Dumbbell)": "Legs",
  "Lying Leg Curl (Machine)": "Legs",
  "Overhead Press (Barbell)": "Shoulders",
  "Pendlay Row (Barbell)": "Back",
  "Pendulum Squat": "Legs",
  "Preacher Curl (Barbell)": "Arms",
  "Pull Up": "Back",
  "Pull Up (Assisted)": "Back",
  "Pullover (Dumbbell)": "Back",
  "Reverse Fly (Cable)": "Back",
  "Reverse Fly (Dumbbell)": "Back",
  "Reverse Fly (Machine)": "Back",
  "Romanian Deadlift (Dumbbell)": "Legs",
  "Seated Leg Curl (Machine)": "Legs",
  "Seated Overhead Press (Dumbbell)": "Shoulders",
  "Seated Palms Up Wrist Curl (Dumbbell)": "Arms",
  "Seated Row (Cable)": "Back",
  "Seated Row (Machine)": "Back",
  "Shoulder Press (Machine)": "Shoulders",
  "Shoulder Press (Plate Loaded)": "Shoulders",
  "Shrug (Dumbbell)": "Shoulders",
  "Skullcrusher (Barbell)": "Arms",
  "Skullcrusher (Dumbbell)": "Arms",
  "Squat (Barbell)": "Legs",
  "Squat (Dumbbell)": "Legs",
  "Squat (Smith Machine)": "Legs",
  "Standing Calf Raise (Machine)": "Legs",
  "Standing Calf Raise (Smith Machine)": "Legs",
  "Stiff Leg Deadlift (Barbell)": "Legs",
  "Stiff Leg Deadlift (Dumbbell)": "Legs",
  "Supine Press": "Chest",
  "T-bar Row": "Back",
  "Trap Bar Deadlift": "Legs",
  "Triceps Extension (Barbell)": "Arms",
  "Triceps Extension (Cable)": "Arms",
  "Triceps Extension (Dumbbell)": "Arms",
  "Triceps Pushdown (Cable - Straight Bar)": "Arms"
}